-- ============================================================
-- MyFocus Demo Seed v6 — Phase 2/3 機能用デモデータ
-- 前提: supabase_seed_demo.sql 実行済み (20名のクリエイター, 10名のユーザー)
-- 既存UUID: 10000000-0000-0000-0000-0000000000NN (creator)
--           20000000-0000-0000-0000-0000000000NN (user)
--           30000000-0000-0000-0000-0000000000NN (content)
-- ============================================================

-- 0. 冪等のためまず削除（プレフィックス指定）
DELETE FROM birthday_messages WHERE creator_id IN (SELECT id FROM profiles WHERE id::text LIKE '10000000-%');
DELETE FROM content_comments WHERE id::text LIKE 'cc000000-%';
DELETE FROM stories WHERE creator_id IN (SELECT id FROM profiles WHERE id::text LIKE '10000000-%');
DELETE FROM live_streams WHERE creator_id IN (SELECT id FROM profiles WHERE id::text LIKE '10000000-%');
DELETE FROM auction_bids WHERE auction_id IN (SELECT id FROM request_auctions WHERE id::text LIKE 'a0000000-%');
DELETE FROM request_auctions WHERE id::text LIKE 'a0000000-%';
DELETE FROM subscription_plans WHERE creator_id IN (SELECT id FROM profiles WHERE id::text LIKE '10000000-%');

-- 1. 既存クリエイターに誕生日を付与（公開フラグもON）
-- 今月（4月）と来月（5月）に集中させる
UPDATE profiles SET birthdate = '1998-04-28', birthday_public = true WHERE id = '10000000-0000-0000-0000-000000000001';
UPDATE profiles SET birthdate = '2000-04-30', birthday_public = true WHERE id = '10000000-0000-0000-0000-000000000002';
UPDATE profiles SET birthdate = '1999-05-03', birthday_public = true WHERE id = '10000000-0000-0000-0000-000000000003';
UPDATE profiles SET birthdate = '2001-05-12', birthday_public = true WHERE id = '10000000-0000-0000-0000-000000000004';
UPDATE profiles SET birthdate = '1997-05-20', birthday_public = true WHERE id = '10000000-0000-0000-0000-000000000005';
UPDATE profiles SET birthdate = '2002-06-08', birthday_public = true WHERE id = '10000000-0000-0000-0000-000000000006';
UPDATE profiles SET birthdate = '1996-06-21', birthday_public = true WHERE id = '10000000-0000-0000-0000-000000000007';
UPDATE profiles SET birthdate = '2000-07-04', birthday_public = true WHERE id = '10000000-0000-0000-0000-000000000008';
UPDATE profiles SET birthdate = '1998-08-15', birthday_public = true WHERE id = '10000000-0000-0000-0000-000000000009';
UPDATE profiles SET birthdate = '2001-09-09', birthday_public = true WHERE id = '10000000-0000-0000-0000-000000000010';
UPDATE profiles SET birthdate = '1999-10-31', birthday_public = true WHERE id = '10000000-0000-0000-0000-000000000011';
UPDATE profiles SET birthdate = '2000-11-11', birthday_public = true WHERE id = '10000000-0000-0000-0000-000000000012';
UPDATE profiles SET birthdate = '1997-12-24', birthday_public = true WHERE id = '10000000-0000-0000-0000-000000000013';
UPDATE profiles SET birthdate = '2002-01-14', birthday_public = true WHERE id = '10000000-0000-0000-0000-000000000014';
UPDATE profiles SET birthdate = '1998-02-14', birthday_public = true WHERE id = '10000000-0000-0000-0000-000000000015';
UPDATE profiles SET birthdate = '2001-03-03', birthday_public = true WHERE id = '10000000-0000-0000-0000-000000000016';

-- 2. ストーリー（24h以内、複数クリエイター）
INSERT INTO stories (id, creator_id, media_url, media_type, caption, view_count, expires_at, created_at) VALUES
  ('5a000000-0000-0000-0000-000000000001', '10000000-0000-0000-0000-000000000001', 'https://picsum.photos/seed/story1/720/1280', 'image', '今日の撮影オフショ📸', 234, now() + interval '20 hours', now() - interval '4 hours'),
  ('5a000000-0000-0000-0000-000000000002', '10000000-0000-0000-0000-000000000001', 'https://picsum.photos/seed/story1b/720/1280', 'image', 'メイク前と後👀', 189, now() + interval '21 hours', now() - interval '3 hours'),
  ('5a000000-0000-0000-0000-000000000003', '10000000-0000-0000-0000-000000000002', 'https://picsum.photos/seed/story2/720/1280', 'image', '新しい衣装ためし着💕', 412, now() + interval '18 hours', now() - interval '6 hours'),
  ('5a000000-0000-0000-0000-000000000004', '10000000-0000-0000-0000-000000000003', 'https://picsum.photos/seed/story3/720/1280', 'image', 'カフェでまったり☕', 156, now() + interval '22 hours', now() - interval '2 hours'),
  ('5a000000-0000-0000-0000-000000000005', '10000000-0000-0000-0000-000000000004', 'https://picsum.photos/seed/story4/720/1280', 'image', 'コス撮影中！', 567, now() + interval '15 hours', now() - interval '9 hours'),
  ('5a000000-0000-0000-0000-000000000006', '10000000-0000-0000-0000-000000000005', 'https://picsum.photos/seed/story5/720/1280', 'image', '本日もよろしく～♪', 298, now() + interval '23 hours', now() - interval '1 hours'),
  ('5a000000-0000-0000-0000-000000000007', '10000000-0000-0000-0000-000000000007', 'https://picsum.photos/seed/story7/720/1280', 'image', '撮影終わり〜お疲れ様🌸', 345, now() + interval '12 hours', now() - interval '12 hours'),
  ('5a000000-0000-0000-0000-000000000008', '10000000-0000-0000-0000-000000000010', 'https://picsum.photos/seed/story10/720/1280', 'image', '夜の街でパシャリ🌃', 423, now() + interval '19 hours', now() - interval '5 hours'),
  ('5a000000-0000-0000-0000-000000000009', '10000000-0000-0000-0000-000000000012', 'https://picsum.photos/seed/story12/720/1280', 'image', '差し入れありがとう🍰', 234, now() + interval '20 hours', now() - interval '4 hours');

-- 3. ライブ配信（配信中 + 配信予定）
INSERT INTO live_streams (id, creator_id, title, description, thumbnail_url, scheduled_at, stream_url, is_premium, premium_price, status, viewer_peak, created_at) VALUES
  ('11000000-0000-0000-0000-000000000001', '10000000-0000-0000-0000-000000000002', '🌸 みーちゃんの夜お話しライブ', '今日あった出来事をゆるーく話します！コメントどんどんお待ちしてます💕', 'https://picsum.photos/seed/live1/640/360', now() - interval '30 minutes', 'https://www.youtube.com/watch?v=demo', false, 0, 'live', 1247, now() - interval '1 hours'),
  ('11000000-0000-0000-0000-000000000002', '10000000-0000-0000-0000-000000000004', '【生配信】コス試着会！リクエスト募集🎀', 'みんなのリクエストでコスプレ着替え対決🌸 投げ銭で衣装決定！', 'https://picsum.photos/seed/live2/640/360', now() - interval '15 minutes', 'https://www.youtube.com/watch?v=demo2', false, 0, 'live', 892, now() - interval '40 minutes'),
  ('11000000-0000-0000-0000-000000000003', '10000000-0000-0000-0000-000000000001', '🎂 28歳バースデー前夜祭🎉', '誕生日の前夜を一緒に過ごしませんか？プレミアム配信！', 'https://picsum.photos/seed/live3/640/360', now() + interval '1 days', null, true, 1500, 'scheduled', 0, now() - interval '2 days'),
  ('11000000-0000-0000-0000-000000000004', '10000000-0000-0000-0000-000000000005', 'ASMR寝落ちラジオ🌙 (耳元囁き)', '寝つきが悪い夜にどうぞ。ヘッドホン推奨。', 'https://picsum.photos/seed/live4/640/360', now() + interval '2 days', null, true, 800, 'scheduled', 0, now() - interval '1 days'),
  ('11000000-0000-0000-0000-000000000005', '10000000-0000-0000-0000-000000000007', '雑談ゆるライブ✨', '今週のお仕事の話とか〜', 'https://picsum.photos/seed/live5/640/360', now() + interval '3 days', null, false, 0, 'scheduled', 0, now() - interval '12 hours'),
  ('11000000-0000-0000-0000-000000000006', '10000000-0000-0000-0000-000000000010', 'メイク講座🎨', '自分のメイク手順を全部見せちゃいます', 'https://picsum.photos/seed/live6/640/360', now() + interval '5 days', null, true, 1000, 'scheduled', 0, now() - interval '6 hours'),
  ('11000000-0000-0000-0000-000000000007', '10000000-0000-0000-0000-000000000012', 'ゲーム実況ナイト🎮', 'ホラーゲームに挑戦！絶対叫ぶ。', 'https://picsum.photos/seed/live7/640/360', now() + interval '7 days', null, false, 0, 'scheduled', 0, now() - interval '3 hours');

-- 4. ライブチャットメッセージ（配信中の2配信に対して）
INSERT INTO live_chat_messages (stream_id, user_id, body, is_super_chat, super_chat_amount, created_at) VALUES
  ('11000000-0000-0000-0000-000000000001', '20000000-0000-0000-0000-000000000001', 'みーちゃんこんばんは〜！', false, null, now() - interval '25 minutes'),
  ('11000000-0000-0000-0000-000000000001', '20000000-0000-0000-0000-000000000002', '今日もかわいい💕', false, null, now() - interval '24 minutes'),
  ('11000000-0000-0000-0000-000000000001', '20000000-0000-0000-0000-000000000003', 'いつも応援してます！', true, 1000, now() - interval '20 minutes'),
  ('11000000-0000-0000-0000-000000000001', '20000000-0000-0000-0000-000000000004', 'お疲れさまーー', false, null, now() - interval '15 minutes'),
  ('11000000-0000-0000-0000-000000000001', '20000000-0000-0000-0000-000000000005', '次の配信も楽しみにしてます🌸', true, 3000, now() - interval '10 minutes'),
  ('11000000-0000-0000-0000-000000000001', '20000000-0000-0000-0000-000000000006', 'ぴえん', false, null, now() - interval '5 minutes'),
  ('11000000-0000-0000-0000-000000000002', '20000000-0000-0000-0000-000000000001', 'コスかわいいー', false, null, now() - interval '12 minutes'),
  ('11000000-0000-0000-0000-000000000002', '20000000-0000-0000-0000-000000000007', 'メイド服推し！', true, 500, now() - interval '8 minutes'),
  ('11000000-0000-0000-0000-000000000002', '20000000-0000-0000-0000-000000000008', '次はバニーお願いします！', false, null, now() - interval '4 minutes');

-- 5. リクエストオークション（受付中）
INSERT INTO request_auctions (id, user_id, title, description, category, budget_min, budget_max, deadline, status, created_at) VALUES
  ('a0000000-0000-0000-0000-000000000001', '20000000-0000-0000-0000-000000000001', '私の誕生日に動画メッセージが欲しい', '5月15日が私の誕生日です。20秒くらいのお祝い動画を作っていただけると嬉しいです。お名前は「みき」でお願いします。', 'バースデー', 3000, 8000, now() + interval '5 days', 'open', now() - interval '2 hours'),
  ('a0000000-0000-0000-0000-000000000002', '20000000-0000-0000-0000-000000000002', '応援用のチェキ写真が欲しい', '推しと一緒の自撮りチェキを購入したいです。私の名前「ゆうき」を入れていただけたら最高です！', 'チェキ', 1500, 5000, now() + interval '7 days', 'open', now() - interval '1 days'),
  ('a0000000-0000-0000-0000-000000000003', '20000000-0000-0000-0000-000000000003', 'ASMRボイスを依頼したい', '勉強用の応援ボイスメッセージを5分くらいで作っていただきたいです。耳元で囁くスタイルで。', 'ボイス', 2000, 6000, now() + interval '10 days', 'open', now() - interval '6 hours'),
  ('a0000000-0000-0000-0000-000000000004', '20000000-0000-0000-0000-000000000004', '結婚式で使うコスプレ動画', '友人の結婚式で流す動画を作っていただきたいです。新郎新婦の名前を入れて、ナース服コスプレで30秒の動画を希望します。', 'コスプレ', 5000, 15000, now() + interval '14 days', 'open', now() - interval '12 hours'),
  ('a0000000-0000-0000-0000-000000000005', '20000000-0000-0000-0000-000000000005', '推し活仲間限定の特別ボイス', '誕生日プレゼントとして友人にあげたいです。「お誕生日おめでとう、まなみさん」というメッセージで。', 'ボイス', 1000, 3000, now() + interval '3 days', 'open', now() - interval '8 hours');

-- 6. オークションへの入札（複数クリエイターから）
INSERT INTO auction_bids (auction_id, creator_id, bid_amount, message, estimated_days, created_at) VALUES
  ('a0000000-0000-0000-0000-000000000001', '10000000-0000-0000-0000-000000000001', 5000, 'お誕生日おめでとうございます🎂 みきさん向けのオリジナル動画を心を込めて作らせていただきます！特別感あるサプライズ仕様で。', 3, now() - interval '1 hours'),
  ('a0000000-0000-0000-0000-000000000001', '10000000-0000-0000-0000-000000000003', 3500, '誕生日のお祝い動画、ぜひ作らせてください✨ 衣装やセリフのご希望があれば伺います。スピード納品もOK！', 2, now() - interval '30 minutes'),
  ('a0000000-0000-0000-0000-000000000001', '10000000-0000-0000-0000-000000000007', 7000, 'プレミアムプランで作成します🌸 オフショ風の動画にして、メイクからこだわります。', 5, now() - interval '15 minutes'),
  ('a0000000-0000-0000-0000-000000000002', '10000000-0000-0000-0000-000000000002', 3000, 'チェキ撮影、お任せください💕 ゆうきさんの好きな雰囲気を教えていただければ調整します。', 4, now() - interval '20 hours'),
  ('a0000000-0000-0000-0000-000000000002', '10000000-0000-0000-0000-000000000010', 4500, 'プレミアムチェキ、おすすめです✨ ピンク系・モノクロ系などお好みを伺ってから撮影します。', 3, now() - interval '8 hours'),
  ('a0000000-0000-0000-0000-000000000003', '10000000-0000-0000-0000-000000000005', 4000, 'ASMRは得意なジャンルです！耳元で優しく囁くスタイルで作成します。マイクは MV-7 使用。', 4, now() - interval '4 hours'),
  ('a0000000-0000-0000-0000-000000000003', '10000000-0000-0000-0000-000000000011', 5500, '大人っぽい囁きスタイルのASMRをご提案します。バイノーラル録音可能。', 3, now() - interval '2 hours'),
  ('a0000000-0000-0000-0000-000000000004', '10000000-0000-0000-0000-000000000004', 12000, 'ナースコス得意です！結婚式向けにかわいらしくお祝い感あるトーンで作成いたします🎀', 7, now() - interval '6 hours'),
  ('a0000000-0000-0000-0000-000000000005', '10000000-0000-0000-0000-000000000005', 1500, 'まなみさんへのお誕生日メッセージ、心を込めてお作りします🌸', 1, now() - interval '4 hours'),
  ('a0000000-0000-0000-0000-000000000005', '10000000-0000-0000-0000-000000000007', 2000, '当日朝までに納品可能です！', 1, now() - interval '2 hours');

-- 7. サブスクプラン（人気10名のクリエイターに2-3プランずつ）
INSERT INTO subscription_plans (id, creator_id, name, description, monthly_price, benefits, badge_emoji, badge_color, is_active, member_count, created_at) VALUES
  -- みーちゃん (1)
  ('70000000-0000-0000-0000-000000000001', '10000000-0000-0000-0000-000000000001', 'ライトファン', '気軽に応援したい方向け', 980,  ARRAY['限定ストーリー閲覧','月1回オフショット','メンバー専用バッジ'], '🌸', '#ec4899', true, 47, now() - interval '90 days'),
  ('70000000-0000-0000-0000-000000000002', '10000000-0000-0000-0000-000000000001', 'コアファン',   '深く応援したい方向け',     2980, ARRAY['ライトの全特典','月2回プレミアム動画','個別チャット月1回','先行販売アクセス'], '💎', '#a855f7', true, 23, now() - interval '90 days'),
  ('70000000-0000-0000-0000-000000000003', '10000000-0000-0000-0000-000000000001', 'プレミアムファン', '最上位プラン',          9800, ARRAY['コアの全特典','月1回オンラインミート','非公開ライブアクセス','バースデーカード','名前入りグッズ'], '👑', '#f59e0b', true, 8, now() - interval '90 days'),
  -- みーや (2)
  ('70000000-0000-0000-0000-000000000004', '10000000-0000-0000-0000-000000000002', 'ゆるサポーター', 'みーやを応援する基本プラン', 800,  ARRAY['限定動画','メンバーバッジ'], '🎀', '#ec4899', true, 65, now() - interval '60 days'),
  ('70000000-0000-0000-0000-000000000005', '10000000-0000-0000-0000-000000000002', 'ガチサポーター', '推し度MAX',                 2500, ARRAY['ゆるの全特典','個別ボイス月1','プレミアムチェキ'], '💕', '#a855f7', true, 18, now() - interval '60 days'),
  -- ゆうり (3)
  ('70000000-0000-0000-0000-000000000006', '10000000-0000-0000-0000-000000000003', 'ファンクラブ', 'ゆうりんごカフェのメンバー', 1500, ARRAY['月2回の限定動画','非公開写真集','メンバー優先イベント'], '🍎', '#dc2626', true, 34, now() - interval '45 days'),
  -- まなみ (4)
  ('70000000-0000-0000-0000-000000000007', '10000000-0000-0000-0000-000000000004', 'コスメンバー', 'コスプレ写真好きに',         1980, ARRAY['月3回のコス撮影','撮影リクエスト権','制作の裏側ストーリー'], '🦋', '#3b82f6', true, 41, now() - interval '30 days'),
  -- りんか (5) - ASMR
  ('70000000-0000-0000-0000-000000000008', '10000000-0000-0000-0000-000000000005', 'ASMR会員',  '声に癒されたい人へ',       1280, ARRAY['月4回のASMR配信','耳かけ囁き音源','寝落ちボイス'], '🌙', '#a855f7', true, 89, now() - interval '120 days'),
  -- きょうか (7)
  ('70000000-0000-0000-0000-000000000009', '10000000-0000-0000-0000-000000000007', 'プレミアム', '清楚系の限定コンテンツ',     1980, ARRAY['ノーマルチェキ月2','プレミアム動画月1','個別メッセージ'], '✨', '#10b981', true, 28, now() - interval '60 days'),
  -- そら (10)
  ('70000000-0000-0000-0000-000000000010', '10000000-0000-0000-0000-000000000010', 'メンバー',   '夜系の世界観を共有',         2480, ARRAY['ダーク系限定写真','深夜限定ライブ','メンバー限定ボイス'], '🖤', '#1f2937', true, 52, now() - interval '40 days'),
  -- ことね (12)
  ('70000000-0000-0000-0000-000000000011', '10000000-0000-0000-0000-000000000012', 'こと組',     'ゲーム実況のメンバー',       980,  ARRAY['ゲーム配信ハイライト','メンバー限定スタンプ','プレイリクエスト権'], '🎮', '#7c3aed', true, 73, now() - interval '70 days');

-- 8. デモ加入（ユーザー → プラン）
INSERT INTO subscriptions (user_id, plan_id, creator_id, status, started_at, current_period_end) VALUES
  ('20000000-0000-0000-0000-000000000001', '70000000-0000-0000-0000-000000000001', '10000000-0000-0000-0000-000000000001', 'active', now() - interval '20 days', now() + interval '10 days'),
  ('20000000-0000-0000-0000-000000000001', '70000000-0000-0000-0000-000000000004', '10000000-0000-0000-0000-000000000002', 'active', now() - interval '15 days', now() + interval '15 days'),
  ('20000000-0000-0000-0000-000000000002', '70000000-0000-0000-0000-000000000002', '10000000-0000-0000-0000-000000000001', 'active', now() - interval '45 days', now() + interval '15 days'),
  ('20000000-0000-0000-0000-000000000002', '70000000-0000-0000-0000-000000000008', '10000000-0000-0000-0000-000000000005', 'active', now() - interval '90 days', now() + interval '5 days'),
  ('20000000-0000-0000-0000-000000000003', '70000000-0000-0000-0000-000000000003', '10000000-0000-0000-0000-000000000001', 'active', now() - interval '60 days', now() + interval '20 days'),
  ('20000000-0000-0000-0000-000000000004', '70000000-0000-0000-0000-000000000007', '10000000-0000-0000-0000-000000000004', 'active', now() - interval '10 days', now() + interval '20 days'),
  ('20000000-0000-0000-0000-000000000005', '70000000-0000-0000-0000-000000000010', '10000000-0000-0000-0000-000000000010', 'active', now() - interval '30 days', now() + interval '0 days'),
  ('20000000-0000-0000-0000-000000000006', '70000000-0000-0000-0000-000000000006', '10000000-0000-0000-0000-000000000003', 'active', now() - interval '40 days', now() + interval '20 days'),
  ('20000000-0000-0000-0000-000000000007', '70000000-0000-0000-0000-000000000011', '10000000-0000-0000-0000-000000000012', 'active', now() - interval '25 days', now() + interval '5 days');

-- 9. コンテンツコメント（既存コンテンツに対して）
INSERT INTO content_comments (id, content_id, user_id, body, is_hidden, created_at) VALUES
  ('cc000000-0000-0000-0000-000000000001', '30000000-0000-0000-0000-000000000001', '20000000-0000-0000-0000-000000000001', '可愛すぎます😭買って後悔なし！', false, now() - interval '5 days'),
  ('cc000000-0000-0000-0000-000000000002', '30000000-0000-0000-0000-000000000001', '20000000-0000-0000-0000-000000000002', '次のチェキも楽しみ！', false, now() - interval '4 days'),
  ('cc000000-0000-0000-0000-000000000003', '30000000-0000-0000-0000-000000000001', '20000000-0000-0000-0000-000000000003', 'クオリティ高すぎる…', false, now() - interval '3 days'),
  ('cc000000-0000-0000-0000-000000000004', '30000000-0000-0000-0000-000000000002', '20000000-0000-0000-0000-000000000004', '雰囲気最高でした🌸', false, now() - interval '2 days'),
  ('cc000000-0000-0000-0000-000000000005', '30000000-0000-0000-0000-000000000003', '20000000-0000-0000-0000-000000000005', 'これはガチ推しコンテンツ', false, now() - interval '1 days'),
  ('cc000000-0000-0000-0000-000000000006', '30000000-0000-0000-0000-000000000005', '20000000-0000-0000-0000-000000000006', '声がやばい…癒される', false, now() - interval '20 hours'),
  ('cc000000-0000-0000-0000-000000000007', '30000000-0000-0000-0000-000000000005', '20000000-0000-0000-0000-000000000007', 'これ寝落ちしました😴', false, now() - interval '12 hours'),
  ('cc000000-0000-0000-0000-000000000008', '30000000-0000-0000-0000-000000000007', '20000000-0000-0000-0000-000000000008', 'コスプレ最高！', false, now() - interval '8 hours'),
  ('cc000000-0000-0000-0000-000000000009', '30000000-0000-0000-0000-000000000010', '20000000-0000-0000-0000-000000000001', '夜の雰囲気がたまらない🌙', false, now() - interval '5 hours'),
  ('cc000000-0000-0000-0000-000000000010', '30000000-0000-0000-0000-000000000010', '20000000-0000-0000-0000-000000000002', 'ダーク系最高！', false, now() - interval '3 hours'),
  -- リプライ
  ('cc000000-0000-0000-0000-000000000011', '30000000-0000-0000-0000-000000000001', '10000000-0000-0000-0000-000000000001', 'ありがとう💕嬉しい！', false, now() - interval '4 days' - interval '2 hours'),
  ('cc000000-0000-0000-0000-000000000012', '30000000-0000-0000-0000-000000000005', '10000000-0000-0000-0000-000000000005', 'ぐっすり眠れたみたいでよかった〜🌙', false, now() - interval '11 hours');

-- 10. コメントいいね
INSERT INTO comment_likes (comment_id, user_id) VALUES
  ('cc000000-0000-0000-0000-000000000001', '20000000-0000-0000-0000-000000000002'),
  ('cc000000-0000-0000-0000-000000000001', '20000000-0000-0000-0000-000000000003'),
  ('cc000000-0000-0000-0000-000000000001', '20000000-0000-0000-0000-000000000004'),
  ('cc000000-0000-0000-0000-000000000003', '20000000-0000-0000-0000-000000000001'),
  ('cc000000-0000-0000-0000-000000000005', '20000000-0000-0000-0000-000000000001'),
  ('cc000000-0000-0000-0000-000000000005', '20000000-0000-0000-0000-000000000002'),
  ('cc000000-0000-0000-0000-000000000006', '20000000-0000-0000-0000-000000000001'),
  ('cc000000-0000-0000-0000-000000000007', '20000000-0000-0000-0000-000000000003'),
  ('cc000000-0000-0000-0000-000000000010', '20000000-0000-0000-0000-000000000004');

-- 11. バースデーメッセージ（過去の誕生日に向けて、is_public で公開メッセージ）
INSERT INTO birthday_messages (creator_id, user_id, message, is_public, year, created_at) VALUES
  ('10000000-0000-0000-0000-000000000015', '20000000-0000-0000-0000-000000000001', 'まなさんお誕生日おめでとうございます🎂 これからも応援してます！', true, 2026, '2026-02-14'),
  ('10000000-0000-0000-0000-000000000015', '20000000-0000-0000-0000-000000000002', 'バレンタイン誕生日って素敵💕 一年素敵な日々になりますように！', true, 2026, '2026-02-14'),
  ('10000000-0000-0000-0000-000000000016', '20000000-0000-0000-0000-000000000003', 'りんさんお誕生日おめでとう🌸 ひな祭り誕生日って覚えやすい！', true, 2026, '2026-03-03'),
  ('10000000-0000-0000-0000-000000000014', '20000000-0000-0000-0000-000000000005', 'お誕生日おめでとうございます✨ 今年も応援してます！', true, 2026, '2026-01-14');

-- ============================================================
-- 確認クエリ
-- ============================================================
-- SELECT count(*) AS stories FROM stories;
-- SELECT count(*) AS live_streams FROM live_streams;
-- SELECT count(*) AS auctions FROM request_auctions;
-- SELECT count(*) AS bids FROM auction_bids;
-- SELECT count(*) AS plans FROM subscription_plans;
-- SELECT count(*) AS subs FROM subscriptions;
-- SELECT count(*) AS comments FROM content_comments;
